[
  {
    "name": "John Michael",
    "date": "September 11, 2017, 01:49 PM",
    "link": "https://www.facebook.com/rockztar.jm/posts/1475653122471191:0",
    "image": "john.jpg",
    "text":
      "N.exchange is the next big exchange… clean ui, mobile friendly, smooth transaction and transparent platform. I have tried different types exchanges but this platform delivers what I want."
  },
  {
    "name": "Hunterk13",
    "date": "September 11, 2017, 07:51 PM",
    "link": "https://bitcointalk.org/index.php?topic=2165808.msg21736006#msg21736006",
    "image": "hunterk.png",
    "text":
      "I traded $24,000 worth of BTC to LTC yesterday, great trustworthy exchange. Had a few hiccups but everything was sorted out. Would use again. 😊"
  },
  {
    "name": "Tomo Adria",
    "date": "September 9, 2017, 22:30 PM",
    "link": "https://www.facebook.com/permalink.php?story_fbid=1884024031850695&id=100007293495907&substory_index=0",
    "image": "tomo.jpg",
    "text": "Best new instant exchange service! Fast, easy, low fees..."
  }
]
